{
 "Xawss": 396673.0,
 "Zbfyom": 340529.93139273085,
 "Dreab": 529323.285556308,
 "Qvgykup": 139713.7612782476
}